,0,1,2,3,4,5,6,7,8,9,10,11,12,13,14,15,16,17,18,19,20,21,22,23
0,113.95450362789002,202.14119788570304,115.58233407470607,199.46680093611468,147.89889763369501,122.07409238808053,144.00688778842434,175.93675919459696,152.11000878201577,122.19781799839734,137.05552807390916,124.55689360996888,56.15143374003924,102.35189602238587,136.25873965252907,116.93418466650303,170.83645001085168,125.60760988822854,131.8846985464308,119.91687107739534,119.7479949773776,194.65665874267665,175.08545176635985,144.22343998136773
1,154.68534468915036,151.496242280425,85.23544366084599,133.83050545259064,101.64541911643848,121.62771256787204,111.82818310180538,99.3663085932029,172.58260264476903,148.9793390891503,159.21518397875963,168.20382865335438,117.28999015121107,82.8030621025068,137.65556523171418,122.10148675870524,103.74235233386489,124.48324111114125,187.08375033215884,99.92165473711586,142.37277832185586,141.10047524232556,138.4860175250206,179.6822923011402
2,80.97239243892723,121.34051590129937,131.36942623615752,109.18241137293693,148.92075137877933,196.94748721290858,117.28096022173918,123.31568091697315,161.73785824219252,98.5266647557281,117.77938268487135,107.83306420822444,135.8506769200858,122.1629808919525,118.31388698821266,203.9440206533729,119.05483772739963,114.03746966061446,168.80939450948313,121.98156292194527,175.13356611642968,101.16624893009829,146.12304297257486,137.04878101051713
3,112.10330942225555,105.71911026301335,212.32063615230942,158.21849075400016,156.22687713251605,155.94584573665634,154.65105254335555,124.90867339714846,116.16638430418864,84.30015438811773,107.13462041236001,95.7787272718571,114.1583480198019,157.1495967338025,105.76345892620692,139.6351024795696,145.73381584783192,144.56158626984995,173.7415436304836,101.37294006165672,128.8056757715159,158.81367596078115,148.18902027753958,195.74926776902237
4,89.34880952958267,92.81653965836118,118.03008839863621,130.53388898866692,101.57691371367241,141.0593116279724,95.40653110623175,115.2502128278071,126.75735663258601,106.49521068020847,117.5832548313653,89.0623857293345,105.4022016519924,179.7822191246338,110.61357458933475,120.36852838211261,86.56789077983404,139.43634724228585,165.97485908501028,116.74050961815747,132.99233338149023,96.72124244764042,180.58687709967276,123.63455922456595
5,129.06212602665158,152.6388185700995,153.60164455234937,145.3128002768475,115.91671144411805,110.59365886254521,104.2107196057543,123.39204232197984,143.20968583940441,151.75182223426143,121.93246690881122,110.01219964071694,125.39909583804159,115.90155240707594,121.20193201552692,132.53014739682493,97.91979114356084,143.0559987743714,149.4998063463471,141.38860138631574,132.15149387531562,107.57860893518139,161.8305226150761,193.40692371322427
6,101.54022307343988,137.55364498688743,182.53090202855645,108.38920443317669,111.06447769667687,148.59751365766473,141.13604516308865,131.56535822943692,114.42375211131193,149.01686905928932,127.9639645213895,95.41224483010797,193.8097550479634,169.04879415847108,103.93611277411654,182.4332455535832,97.58550764435242,155.85125477554104,124.89687707075929,94.51945668498365,152.16033765543574,109.48023457227016,88.34118042157391,181.396263285442
7,116.12575837173031,228.07723994275653,96.4145159637513,133.6402095938088,186.39622990527107,148.9127190801365,107.08283987762445,105.06018848681967,123.99877207239841,121.77478954456825,134.08593081315115,105.79284665733489,130.5318060480389,112.69240565420492,114.86806014964812,114.5665642622546,90.1424134449658,116.85365984566492,182.62596375377302,128.87966614705135,164.38409506963188,80.80214624483847,155.41822783280736,130.20677221197144
8,102.06889358990419,87.99667018623454,115.03996575583353,167.0145317800913,168.1442740358122,85.45653168813408,128.19364991920492,71.56904851447405,164.22893895147143,143.7176741404504,130.74559759614294,118.23007973785995,172.18875739088014,138.91800092459152,89.62524681157691,143.2491816098332,86.4734863032151,123.17499366732999,150.06949692328695,159.80764177539385,87.30421768322361,143.00758333219193,99.43953263658469,186.79942054526205
9,95.01642087767237,124.50564362301095,176.49000573003747,147.75982669715822,160.5546131975827,126.2013206184558,103.33016833105273,71.40659397036833,124.53226020474806,108.94195638902751,164.7806908138725,131.67307161507281,121.13919890841552,103.85319050812264,126.08025066444877,144.03485077321818,132.33403374127425,137.05862492782273,154.2621288897894,139.97125891806957,116.39122144254624,178.33219189293723,139.44996870966943,135.07853666788867
10,130.36761291848453,168.63742969498233,93.16361004342625,136.29042559108242,73.32038885074962,84.22654541563548,145.3934609031084,94.00359222124726,161.2421329103058,93.09736200670727,149.23038857916978,109.58791139420356,121.90276148004011,111.95178663442032,105.07181648409298,133.82819737908508,119.45154168042761,84.22044788122906,162.11185605551861,101.81879141332078,94.74291792092481,117.73864765081294,133.02947533931527,94.51160881591412
11,129.12632391868829,144.70606610949557,129.73784652156783,83.87593525433994,143.1968304172192,179.95775066213213,116.51151523688299,101.79212906623064,136.16663527705325,94.15786574614934,129.16681196484285,173.1611246011319,156.67576526831945,118.89603177172042,168.47301015138368,100.36440936652315,82.30088327157874,144.74451978238906,150.96721992442355,89.09416680894645,142.3352222802397,113.10470373397108,121.45243121771898,169.41790120916096
12,196.81915593228837,76.54037700637602,138.39530875767986,136.67085463786765,161.0906973357916,121.02962561170548,145.0187576099562,151.3903102360548,152.66303957298805,107.24351163236004,146.47161309006603,96.72574144969158,150.03059074792765,113.79844202021452,155.55460147510095,97.91620098679728,74.87705633240112,159.59483647830075,122.21272657336662,171.10377318352732,156.28115575086696,107.26069399542592,140.29879004343084,93.98662623747515
13,102.25777062361372,92.36711357052246,139.90462977676071,113.45358031577268,199.766300145987,108.11942638333807,147.48016433510114,93.39193542342079,119.25460725140596,88.92102619067965,190.55024714262552,123.35134167256854,92.5624834790235,121.98659922678115,128.2352180166458,103.78155988993923,135.58992889503347,111.66440863489333,142.84014618329917,187.36418748676317,110.25369733916935,157.9514840547529,130.33577164253285,179.3950034194523
14,112.45003640402042,144.72257467790655,137.33782422302227,146.55255435438573,152.8211854341227,104.58085715730776,128.86203781814527,187.13777138751328,143.6104892863875,153.1753754373266,177.54679167456305,94.48176032437013,123.53543735532892,123.00640336619342,118.53224658091177,216.10279412684218,78.887642495357,91.54359807884069,136.94602670929052,136.78697699559999,120.96580402063915,118.31056591966203,96.99923821395947,168.16625269596793
15,138.74049138075267,112.64767323530194,140.48480670897735,133.32001241284402,131.00659188191045,150.31408384223298,129.84634562265526,119.31551332828882,138.9477290620157,135.3686715977606,116.8637881830382,107.89693001491523,129.64377409440098,115.35137480926058,114.38854736889563,121.88483894789375,79.40203278732085,150.6468936223683,188.31456213975366,109.50901092276885,74.78442011202065,121.96195980891859,150.79799099030168,150.74940072400318
16,109.7364695934464,163.49078100537378,100.84094801526999,122.70868273898611,121.55909902223357,109.2551541159841,126.16292225288944,156.80015797325197,133.21497241326404,117.96093139474023,134.91140952519478,98.14202473869977,106.85913663531736,114.48832839344503,136.412742755092,131.54123757427314,150.57885184739928,148.00847137711335,143.95154269398137,102.56011338238518,177.6081273254107,156.3547034308972,177.62254079397954,94.32975653474634
17,149.02778178530684,124.7276063644799,113.17313594048707,108.84305857347213,126.25937269247078,136.94274324431697,146.17637153018222,119.54095235066174,134.1294139500782,106.33868740749364,134.80182941396035,112.90284355919651,153.2852417040285,142.089471690516,108.67354584412588,144.12404142233507,121.66805577483824,138.50160605205713,174.45644357184784,106.18814942373204,143.58253290285754,132.30924434980173,139.98280000028777,141.87000327416052
18,86.83428723795619,177.31350203236477,136.14375982211,137.00677292352339,155.08718640434344,111.8412424871763,109.91815660797657,131.07163655054612,138.3369665790533,95.38052480624134,147.7598096203268,117.3377124328407,113.6246704524974,137.40579494341375,109.62228347109648,112.81322794104807,109.05369990826168,183.52860159722408,133.9728999680041,111.1631204495959,133.63160610946758,109.8888324540266,90.98014962357846,146.14307335579443
19,84.84568091896307,114.54058668080367,148.8160386450219,97.4605852742371,127.46363443057928,141.819279746485,144.88119664518717,108.53948592119824,151.69807937569672,150.97622779796524,140.38531825014883,103.34641889850411,137.24494162302418,106.60422909220816,108.54490062561794,135.81525948686738,135.2133408789611,146.71198288742892,151.99437003510346,145.7416672610366,111.13155245612762,128.5342856242312,111.07073627788724,142.392380717203
20,139.7955322086686,100.91607454161145,162.499747586176,96.3449103858583,136.56178324418806,94.64509087517578,124.97040902211704,51.078884971598924,126.03920106494554,99.54740844347924,137.76949857913468,147.85471041628958,119.45250771664261,123.44541824880386,130.15617554709397,116.83102167237337,90.08545251275382,134.02126919350368,183.4177231348122,118.89233286197306,159.3560708342239,124.3535752789907,96.6068659942182,113.84475265622336
21,138.86265330878874,145.7571332954638,153.1082229216987,146.3340216472008,134.5519623659296,150.64889574080695,123.38648921350682,105.49503256737347,102.03291827663745,108.86165845089477,122.38364459326029,107.22835095577969,135.7192644895518,118.71868825282573,115.69304914669361,120.05675465552764,121.09514838956557,98.25065063791575,157.33740749930254,128.14197244335378,122.93333970585816,131.5265599814718,160.01612765451745,100.23082223316992
22,113.74062690759197,138.1301948654366,194.3553807127309,164.77942451206715,96.7492475858875,148.84834345749323,108.42907469280438,147.07054399949507,168.67837143645758,87.68806247228467,117.82961063618622,79.5667853644259,129.29719920093783,112.2182084117974,142.58208056722376,79.17341989192124,79.0704209395781,147.7412400004625,130.85434245271205,159.18303594804027,136.36303033609445,97.23833766262506,139.61745412614394,156.19811110608595
23,121.82996067211585,150.16286449541047,100.83052861951548,135.78240887778958,154.29905520353378,94.23479595642655,77.08971459307847,217.9722590793412,156.71821027994633,119.16762000330651,181.022281982601,95.67496415922085,154.655041703176,111.75436436988254,164.5546322124812,118.85338214438079,94.56019736131798,125.58289188661904,120.81504363932657,91.86973716543552,150.55865233132715,106.85026292624387,142.9711532071929,137.95702181317296
24,106.20969073240366,135.62466428243653,120.02287395347811,100.41516979748782,149.0864027599916,127.87287581499643,131.20536565571717,107.33050313668028,101.96800282234673,112.25007146128176,114.65403426070874,137.50745437410384,107.9862662004754,105.42930544479358,139.87294486232767,92.97301126381329,240.47283557155643,116.13157227175591,124.60342647466223,108.06902791155076,187.60216094333913,128.76697166669453,116.22855892397327,129.2331366174804
25,73.60830658947846,167.81268960774594,147.70398816255363,162.25443508689966,171.23719147293897,107.87615709775237,148.09161897372036,123.34574987728627,161.79438806715143,130.26883993289354,174.99776864760474,76.48825925350476,138.79863997107935,99.62254339325821,105.97631164291772,150.37103990541107,77.93645005089971,137.0284572178823,157.0730490968902,122.92359369127647,184.7354668752658,151.8872090352454,124.20183587721752,127.74006389298441
26,92.66690261007936,70.8309783264555,142.56699949338488,132.9741043151874,99.23677933845626,151.85594316020084,146.34579081606174,123.89520974038992,142.95727181094412,128.6465847568303,138.4770633816816,94.5329104290416,129.9452834453121,119.30759150205296,65.6441277163237,140.66024391133766,119.61059727446951,150.9676787011574,149.9109033513389,152.90436580868845,150.08879674857548,131.83419428154292,119.55136596162352,155.0444372544852
27,117.38132663085806,133.92110707857992,141.09862566007698,128.0948137291375,185.9934318909458,149.49874943905823,152.80627738319674,141.5668037529096,114.8823430447211,106.96854841737084,149.0984629452035,83.96972045685227,131.83415932325624,130.58870116970675,111.88875865870918,150.65758424276547,120.298127552317,127.47749775667415,147.0497265116144,124.62305116626956,148.95285707363266,115.01256928397567,158.59524612577624,161.16065639508517
28,188.91971592828327,144.190025410537,136.27397953398963,148.64344631572595,160.68934085975727,111.7293121867617,135.0108394173603,95.12148116714289,133.23623192270549,104.6824695040652,171.3853724715177,142.1871120961778,134.43428340201217,132.50361232054803,120.83712132052717,249.7019269173631,152.8586898267878,116.40986883712185,168.5078322136148,109.20777188959948,115.5252379418456,105.00207032587369,157.40084130941912,195.72298587143996
29,101.00615108952789,133.90690989958705,175.79531563620367,129.29626010320865,137.87844629889207,129.85023456636904,132.29053619441362,119.43529636532843,164.52546900021224,110.33078612995901,134.7911334772445,107.59506659103234,134.02035959758066,136.90691713979754,128.90202925636703,170.08851410076434,117.39894484155941,87.92473707401594,120.58177983500556,146.4210030911173,100.55535244807834,119.0467278037468,106.47081989056615,208.73609784513064
30,81.90204214559716,200.77340640676402,100.200173891807,166.77961758421011,156.05409462889654,176.69203597089395,96.55040462464535,91.43867139181592,137.36894591974797,108.39289309764914,99.9695922313874,121.059042638426,166.17098088573698,126.29841729180652,127.9026646374289,85.21341742649815,119.38261895245111,113.90943833122535,165.17298225013246,113.74745294033491,167.83212998066767,114.3514407055421,102.7725667777683,77.55781460145187
31,129.86462627745016,84.05559940440908,188.59059668970917,158.7042373868158,114.82334513975191,110.44180069479833,132.81309976036258,74.34756491496869,127.80367792284454,90.51678030656927,143.62761201183787,121.28735024931564,127.60571085812269,102.13222114340311,95.21332747773585,137.03443025149195,113.90999611655039,131.26386805340786,143.6144690544101,130.6510652354452,96.43242000245874,115.03589274527636,88.44468621600016,136.79280510746818
32,54.60909775882017,145.6918802803238,101.3119543843598,145.31304470432084,154.21153766731996,91.77782250567161,164.85472721158305,104.05562793258707,151.16597790086433,139.34971874549674,199.17741752422168,155.6687208207837,166.55148479507565,135.29751319182535,126.86577899204569,176.49990020170583,162.78628452505998,104.90732363676673,161.33845234427076,92.4861432391225,131.70885227424338,129.32602032762983,107.09496322666297,106.8403374600324
33,120.7634684839735,127.48759025288419,206.723231164774,120.3638659161591,190.98560709140688,89.04288725346979,102.92677423045336,103.71998860915974,151.3202522603907,91.0855324192658,169.7924412924447,154.9554662786518,145.7211337248542,102.5519142554194,81.03736727667437,134.78165340347493,73.6653053675029,140.7110339055347,166.27586232494588,99.68820341589056,104.08553038587814,148.9008336350659,147.9821881243829,205.6252897049998
34,75.75221422060326,182.6377236273558,138.85889612700083,142.321492349884,109.2451410235611,137.81064491141683,158.41675400758035,80.15026640008342,108.3836165973377,130.93724443435613,144.90481609965735,102.08665047871871,116.94269210742782,147.03466597035953,152.3224161884931,113.20022267189486,97.49135122340601,129.16538959470145,148.14003680106256,128.71404495421385,132.05187865440354,129.77379967592594,140.47415872861907,136.95177324022552
35,172.93045808703292,183.9359396400911,103.93568959969363,127.82308875203545,117.6770367129993,178.94453900904364,126.88294390629014,144.30075501340986,149.05802935162578,106.23353790313759,177.0994074027176,147.76409141667696,168.24698627059047,113.17461076838192,128.69103853582416,120.76883365392835,103.87566081032472,124.22981572706053,142.510940893071,147.8606122292881,143.29285949527485,117.9469385830811,136.443961158168,107.82171973839337
36,188.95991971787075,123.19239964752371,142.61715204333322,156.98832333323423,180.96414499056277,86.83491525251335,135.55642938453363,133.37498168621696,143.4398625837989,130.70197571859998,139.55626663780288,135.38057676149916,106.92930450767405,106.55940014145212,122.42567889135417,136.01418801933687,77.84333850103431,140.79307045726105,141.08024130460907,147.22560486340572,130.83402940232745,120.33419823208365,108.9086599969837,149.78103486700246
37,96.90473353195037,94.38244561068537,123.53931753208096,167.1832769735086,80.43912649253991,163.9184115295996,90.52330221591406,79.52911355557254,139.15778505226086,137.00568710493047,121.37839782019317,91.80000044485874,158.4232094147142,199.46591546193991,97.37200778643007,120.8834669271887,103.8574452514672,105.7950792144392,192.61496730569183,105.2275677778572,107.20818995669705,140.31155209539133,147.1920646399321,145.08022002911062
38,156.33526701525483,86.67073177036424,98.73799187630365,145.13711698348553,88.83371647715,116.75274019776244,145.39789823137514,99.23539188244499,131.62104656959983,101.06612161660195,192.38469453219682,140.04002814495686,124.93470981339955,122.3604649905292,134.9143493775557,84.42501615679427,103.14380527270671,139.65949170367963,125.05553909719738,158.76313442814848,121.9596993801764,132.42346874121426,124.23239187199066,124.5502134063534
39,111.96011983776678,99.86061777179657,98.16898295743333,108.63575534747746,136.73116440245423,131.6498986312023,181.71399001553291,100.48117526832766,119.71197299388035,155.54446857199153,154.8010960511718,158.69677489440903,98.95739634514828,169.07685435877002,101.44305527852742,105.30435227390586,141.61612567202613,110.45297847984182,152.3794192672652,126.40026467751353,135.49046579053697,157.63688481052475,139.27860825182844,153.61113947187505
40,109.51610123840257,195.3105019507385,92.35999117691028,109.70352724575211,166.21939325901715,104.67736698681333,123.73291524728997,170.2651505439218,121.92975243305182,91.86714109413097,143.1908806361762,119.32411055053163,142.28101666866945,104.0264785835412,134.7118764524147,118.37416323818343,66.81227352283103,159.6531401023867,177.69217688558498,112.09392698198492,110.92180911346796,79.60626089578234,159.43151569821515,139.59018155263757
41,135.07056558427684,124.9423701760798,193.12690205246142,119.63555448799123,165.97530791760244,127.25148814189981,104.10653544456945,171.3772560893632,128.43431191432006,117.97183190869728,186.87022823122558,116.04657655678147,131.70364446751316,197.7319106965924,140.0516765787008,109.97335731981902,84.49148840556245,133.52335452340344,116.53655500684708,145.73579907502912,134.76186764792783,88.38036652595599,140.37713140950572,148.53376969477313
42,126.6450261497312,120.70749116163871,131.17491269916948,153.72825339171322,118.9506309337301,106.38572809987069,125.77032217711397,203.4821519602541,150.97660792643157,105.5156167711158,142.46770461756725,135.96118376403066,65.45765175668922,74.46937222932627,123.27545619880871,92.56175866357992,97.5494421870151,157.1548912549135,125.34401210059177,113.25758664694706,126.46849484575311,170.482076352709,178.0703648192048,134.7265804293447
43,70.30474199212681,160.0995052799226,128.64794097532723,120.8060157614087,191.94011964973777,155.10600691328645,103.13488799167445,108.62301189958984,150.74187433154285,92.4273769920894,134.8642361450646,127.77657493400325,122.83625882510769,159.27132577231725,89.81155775104003,137.0518495165505,136.19351725066716,110.6049222628684,150.87952356734155,127.22722466017646,103.89006067032999,126.57387189390512,113.24505666073911,160.7875562385633
44,89.6436906954863,191.8010565921669,149.31332823695993,124.55886672568718,97.57378131324606,106.73566330860166,159.31789375930137,108.65135109141507,126.49054306632353,130.17134469789517,167.63935408873942,124.83947045281722,151.028375893831,98.00345618462235,166.86043607271858,108.22212706271694,109.8080962808267,110.99503168590076,134.58583187731955,105.91932687951505,145.13794505017083,123.62357066406587,91.11714051067317,178.72376151025205
45,113.55298738750332,213.25236306139328,158.30020045150502,117.09896435538681,132.62893190891182,123.46003270134845,110.28000925954338,132.64771589740826,158.04355314199654,137.16404684873996,138.93098171261963,159.0649624463139,113.04046634432811,194.2234299461285,95.7183527483902,135.71853262260436,137.67668971025972,117.22977183154616,149.2540416702981,146.76375967711263,121.07440495663785,115.69362404591863,135.14688284456332,191.25363613851016
46,125.02726081410924,134.6404295025804,155.85178449543378,139.54270998881952,99.24762379124216,154.43343830441205,90.32945832275583,93.0725802074075,153.86339009311973,105.32897883044288,187.71219825877066,121.34752403507407,139.63768000129988,110.58180154544407,128.84497364812194,107.27823992246442,44.63160918750779,188.94670595002117,181.9362499989167,187.75437239577164,109.35316907417395,155.2528567551964,157.05098810567625,119.3042043860788
47,198.87373468222603,113.37592542408062,87.92438941059424,105.89734474548317,134.2839408270367,134.52187855525665,140.20542712625215,71.6889421198943,111.60446840690238,104.91600975794256,97.55492327344011,105.32133916780109,168.9610042533982,118.50490024590223,104.04745838696086,175.55553587550764,218.7039220304169,158.70721779506923,130.28584936303713,130.94326725466178,144.21905220622457,94.04638464718079,134.91523074439093,144.08889599650516
48,124.6089717681775,170.456707112072,150.13047593262053,124.41671811661189,130.46985465658102,126.4442790224258,127.07983118867752,164.4741922161582,147.84797059963026,175.53578469002107,130.02438789768567,184.01910350083216,128.45398177954345,91.21144493965035,148.74630167205459,127.00423536193207,69.87505228214975,188.3534349403333,154.62629601114205,110.20823643349426,135.26576707110374,144.58284118867553,127.68877434629339,141.60559506026283
49,210.95046211303975,104.17367294059758,139.78271356017763,159.63633964386028,145.13950297510843,103.64266402843145,125.55084765699661,145.3985846431985,138.88455695518422,166.39322623240554,125.96349016550519,121.89684270725874,98.21212574300807,69.40219132830968,142.1224188822914,144.07578801758737,151.10492280536545,80.68414108295516,177.18836356312943,120.1260676246622,163.81705397756005,207.93357170976196,148.07222943361057,133.72475756659796
50,155.4764683679072,98.82402794321676,164.16916250889344,148.39800390759675,132.5106887283919,164.86444256818868,115.95699341303751,124.22146688338171,116.76732971040384,105.76088639148698,159.69765638494175,90.83880915534345,174.58576063274495,91.22076406225798,130.5007188846463,182.94936487429368,95.93915663338241,133.74956805369783,132.5726593685931,151.55573452647857,128.55007160432618,112.90229242224197,191.09211686165355,148.7145707466474
51,83.49224026101444,156.0273971749687,175.85852229948074,118.6828769755144,159.9136978303665,133.33459124248876,134.2515654063286,137.04711036472912,98.26234309709348,120.72420825374418,164.00339936646492,77.43563221512343,130.12324018381474,113.06639465314247,89.93431408150813,152.04122012468588,112.47770725892342,122.60509681681256,172.67730898869152,178.62313072173473,165.3359710021809,124.86814173215593,168.89440847558473,141.4262980048272
52,219.5823431846419,192.69096057291807,203.19405374227946,126.09733078578529,168.89312971188735,123.43285189317142,139.7282704022227,132.20471191341005,101.13026491508815,107.14092403003666,119.70075091234862,92.47171571753206,142.55175523731887,106.09413173426431,108.37291986979142,116.75278185102646,140.3053009407706,197.28477874797372,137.3435945822296,150.2136681688275,168.20907649875733,144.6376046190376,99.16537001654933,117.62014091633709
53,112.03930385631844,100.08957239826167,122.66669739114921,132.37311056219193,91.3543951485702,220.64367015313996,149.3487748071348,131.11998456322655,149.77134383728043,109.70505076633361,149.3689618465932,109.76088543465058,114.52825578861558,81.39293554983634,119.74017295152409,90.66664760464106,89.06065919408096,133.43176497789923,116.98288275866048,129.0712046306739,182.18958911329557,135.04977825974112,139.82000916558803,178.3968365123688
54,145.8965738977672,136.06847171787726,134.81979135414966,118.88746876679093,97.76082019306415,146.18046964662355,149.55658489109754,102.72286103488261,149.29698503039276,86.74648995671164,137.00756568727215,128.16199911153208,96.46119672824855,79.09642157587531,134.62563559303413,93.28863373576999,142.80111400871672,138.5690779937494,121.66546378623268,118.2256222767013,139.78557216929494,112.24176041938163,123.40414156149768,160.15054982695514
55,140.6823626713257,215.80472951047926,128.18970510992108,121.66150725440448,156.962167822641,79.24784067045593,138.87155563404372,112.10574722610382,152.5485091451508,123.28536870691516,130.07496430736384,122.32930595864195,113.43138908280099,124.84521329127091,102.45768365604167,130.5944735989203,113.16541163418857,156.67916134424695,149.1191023161031,156.51713432781528,171.06409756969722,139.57156441570797,143.4899029098685,224.76321270226822
56,112.25683879032655,146.1550255153917,160.94499701336673,144.62578865284,113.55838807439154,106.6780496649216,137.36980070617483,116.11990511163718,142.68592426075955,113.19354214971239,134.93370539749301,108.12694826457229,97.06739071053936,132.10650577944003,137.3368067316742,150.05796728827477,110.32860091580451,172.71181592493778,130.513585327392,127.65705689957906,91.65440923277936,133.37507579071624,135.02941969774787,120.97851608391208
57,154.28870036876825,172.59729846394117,154.93006878431424,126.63220628116943,103.3031927198328,124.06803804410916,116.72630568406782,80.70766385331778,143.53873764169253,153.4720984300848,119.89425804583372,113.35613876834566,109.42388789612473,103.13808184800953,112.17551148810415,119.99617023821013,131.84682391994735,149.47382511606787,129.95318963914136,100.62669581344238,142.49592402207344,164.48878214749766,111.72948876693471,109.00858278585383
58,149.20615261051213,96.20081187537215,110.90689354422899,141.18525557145472,116.34632350913571,150.32227491204625,138.41651517001083,81.60603756813508,104.33427229295837,123.36322052612597,158.47272164528454,110.35799634210517,137.79573021715524,215.94614928532363,132.62002936066978,128.3302412374956,123.60416762217352,106.2319298140911,130.08501023101852,164.30863418619268,133.77836495260942,124.20107996456109,129.36606552022195,126.83212944291712
59,122.23882421753146,138.583495287108,141.51208018524486,126.35203824547465,155.55516778904448,114.76552612034075,166.18603681640124,118.9025674817858,142.41162417878144,112.21687341822094,79.52486641499371,140.92606780805244,111.43337055791375,120.72716686483147,68.79103594306507,114.39314284698412,92.49972141261492,135.57491383450028,169.57684570852413,173.2314982595436,138.2941858969407,159.87796168432794,122.63740768666898,134.01888712511874
60,130.2447631097782,82.50630863731146,121.72152174364439,139.59504850893947,153.24148467881295,167.31094134005394,158.73995787853374,89.68240560781162,143.45113123054497,134.80600217064787,154.34432116262835,132.69343346411185,121.7626127976078,131.2702074251343,131.54826255090404,118.63373274284551,85.05488138793646,167.57332280830434,176.58651476570077,87.95013647813715,144.75188965354695,140.7096135699963,139.11272012519592,102.90808253358284
61,122.35048508164834,112.36130790064666,89.61121029784195,90.54503252785072,123.35754474778385,89.27211242707432,147.45627920866025,77.38232112490427,121.42638394943039,110.66467911801641,169.282197981408,94.08747951846814,130.0863809975792,176.154595568686,164.64363710926875,132.88419839518053,134.97150874297876,165.342493616561,183.11963881191,110.98332649428569,151.7156096901376,77.00360445636477,140.89918965484523,110.86117904114144
62,114.60574233942148,137.91864784813455,93.83359386419714,99.74316643947232,188.13534913787896,138.71363335972117,187.5924575095105,119.85632130469882,159.5025172756246,140.10893345697167,167.196386712568,108.56871880837056,154.92692270361442,160.85833540362134,107.10183461155411,97.10617377898122,125.59168435659805,113.78597004093082,150.85372051465038,147.38027789219336,108.31882384090625,108.16606265991364,94.43835451661381,123.53578425845897
63,148.25493281351152,107.9784632974515,112.20471635478421,103.80697802020498,186.19910392578197,80.35774399769952,123.28169565210243,152.52318200987085,139.20609022855575,181.76833078598884,116.51847193586204,105.25029613858885,139.83383362225433,138.0183156583394,112.08244488000723,121.64676428193778,128.73061255645865,119.7420236217607,150.11495816567012,169.12996820436595,138.96059896412066,122.42950473453793,160.12776047353285,137.5888050517939
64,100.56250676828736,84.32772642980007,120.74159662865259,138.80374571422487,114.24643703001699,124.49898813894582,134.12364100202046,62.1296851099635,125.83499674484152,167.42156777059466,165.26771142426355,120.61320388888267,174.21483452270394,194.8693528662735,114.18980449744481,132.14329944281204,108.12058456526056,167.58153016844642,165.43695051804184,101.87531126216388,147.14691161736155,113.97746582436027,141.91031286207692,151.33113727077946
65,143.4840613384818,106.52963268230013,141.88323913279547,137.06764538741237,127.34131610946676,124.66927318097578,142.49300316705194,117.59931472969508,88.21053458433111,90.91633882439334,149.32475406955496,144.20241532799594,114.67639005826096,124.17481354590748,102.30820744057645,107.54251491182437,129.5035875993664,148.12918768170707,185.24405493998182,139.96453559050533,130.20594261441775,165.8958912592749,84.0112551587429,153.51306051531512
66,128.9590241613514,105.65950334067533,101.3345284539875,114.88671984256563,185.85473729200504,152.40568515649866,92.55908508635683,133.34693555751306,136.87258215316737,117.95535533495169,111.93427420214812,113.19089100726221,107.56084027630324,197.0081493340386,106.40036846908393,144.10561695465123,148.84878296567308,165.89877403047007,168.2556740892182,159.0891485196197,140.9776104925649,108.81340256034049,178.8796648227369,101.26950661362943
67,183.53190666238947,180.82767156843497,128.5510908916997,134.22839582464513,114.48643251923222,144.33746516192127,155.73785309863024,79.97347106546775,133.9546392513051,129.49898845038376,122.5253926168358,114.03578071240764,84.6337323367282,117.58039745396792,179.3028228546173,111.79565195330487,109.74657697161183,138.7897913872045,136.06438869729652,130.7748810537001,140.20109805984245,159.36327442475425,173.736360537587,101.15536644390632
68,114.64713554197327,118.61671496854883,113.3620690897078,99.03961371542444,87.96718407611577,128.58920734523548,120.84234532743058,82.01999059292672,144.6323652963753,114.88400404399246,129.4640996272151,121.55380323509974,114.5984201648861,121.77391620873236,130.24894089239993,103.25116081252295,116.64242008241098,104.47995220001198,148.53186358731426,164.44232011090168,120.44750197909201,97.49324432819668,144.96550149641425,97.68824857382732
69,117.53987151048756,96.32657574393963,152.26418541719414,102.7247036615108,177.77131446877758,148.36016256981515,115.54051405201083,98.14431809461682,89.00371194514696,82.88011843357359,192.31924410597279,99.53542155152444,120.12456135176247,122.10369312914423,141.0571991943334,151.69037423755125,118.64694508545321,159.11556088258152,156.34467626591632,116.73759644993106,116.63453171689622,100.62560708602471,107.97511453414964,118.11276061484408
70,118.15032548515043,76.11791556185061,102.2230200409071,146.98598723334732,112.59600223528346,80.90744831051278,132.64772210693656,88.88617458822105,123.82749195751121,129.11289957744,153.62255601737706,112.73952473386454,117.70851052922656,106.17858248224022,74.64883499163787,150.32896194672423,115.57704253432387,179.4894516099161,170.69916482825028,144.8751627028703,102.65474117301922,123.75360964138586,105.27594152249691,100.13353434354163
71,81.32710472065928,125.33523592733206,92.37714983239434,107.08881507992109,122.71317161238028,141.73126432087878,170.5763382168437,94.72543319686166,138.093781499105,90.70743848760773,105.33891340163524,109.66390360556866,120.61544437615402,127.05113825190631,123.86508293917072,95.06528434734648,149.8353646008657,122.37955748761222,102.00474562367779,163.72863485223382,144.63193308943428,143.24254483183935,91.33339041863837,170.89144567317706
72,82.00434360876693,177.49654802944238,109.20466963933035,122.4889355804073,140.9282973048975,134.34478874445318,149.38163524295206,105.21856554570988,132.3385849684585,129.56238119858148,119.35875441299302,84.62340390942316,140.0448780452641,195.9431702380108,103.51480314801961,182.3718552325899,172.38142665888444,112.62813706779733,131.26150304473836,133.07736735484522,149.99570689657367,104.80882171201958,125.28471127797931,99.03645542135676
73,104.18463584828537,148.91289744695445,125.1072181173523,127.91604827632443,139.27395576911414,142.49053564803927,141.15967351624136,201.04771671730518,167.1269934235572,158.20674002595385,119.03395492877915,122.80374048973734,196.05971820610847,164.00659099315533,131.67003379045198,132.71343585201947,56.34572627078761,142.99978348946098,164.37962940383235,101.78105309821561,123.78738439587292,131.58042901808943,104.35689689154579,103.08886290550609
74,96.50813386481846,140.7804674196324,139.14046646013819,124.83788823610328,121.85278763695021,147.1538396089439,140.10463070478576,147.8405617233964,125.07561763537899,95.96568617454605,198.3944579150034,95.05771760620962,138.28243567620106,115.06365411531348,135.43571255339816,121.0444626701735,81.39789632074397,127.77658052047005,147.59681927280388,156.93918179807486,140.2248246905045,141.23631336321935,96.02794250183311,126.8910861033114
75,117.94891912677667,105.02043015489645,112.17621848221485,148.75907016999008,144.85470350770396,97.06475431196431,124.22595260777318,138.80834823679072,142.12085833554337,126.90042513142609,160.03694333280913,131.0467381977635,165.86803330556597,187.48794831290638,136.81280668082363,183.70748397414448,134.12976220317822,129.14554608697208,184.4423364792179,108.0516695076858,143.41363633706794,126.73869408273927,126.14674549263309,141.06413942326805
76,81.34818780355826,186.75132876703594,115.76201741884006,106.16420825293365,100.9265112017157,124.67529167147434,101.46949534008421,92.77176674661536,148.19045148239937,141.96335273871046,166.13503667566243,105.62911475984816,117.65613880033965,119.18501129410672,101.69023004524118,127.93465823087847,54.68819663297464,101.22933683081969,154.66590118191502,141.796070340908,151.30788254168203,76.54473090042129,136.62016444498533,203.0372716428072
77,149.207463288811,187.58046371012645,103.97118000240087,130.1249676788367,206.56799649812234,94.88845892673135,146.6345162432316,137.98869101683178,121.26945706753683,99.92600382651426,150.71361021943656,93.8559536901561,161.44591418922386,140.40269204075472,128.1682311403095,100.54805645629162,200.45384453209664,158.3708964985369,172.14741714045078,120.1089486982274,104.46649587422264,157.77001255954454,91.7873580907123,94.51832979999924
78,85.9449262392833,156.51392393335212,89.9141196909111,144.95692638118757,160.30449258339365,118.12284342392758,131.75193646309177,142.1743170352327,133.24243973970755,117.66388009833153,133.90671002296142,106.79775426424617,163.81095748721856,141.29818222194584,128.67590883047663,95.94807247252311,99.71375365418405,154.5770607427678,156.54104340153756,114.58170876898679,158.48075557474323,103.39574424357289,169.77389939066683,116.92323112310606
79,84.189955595008,94.77429247278877,126.30297293227665,138.8385177018415,172.65297888388474,138.50276422594698,122.80161447775644,127.7770454849308,127.42941753545948,90.37706733535596,128.60257682226384,94.85629755404011,147.53095651820485,133.8993824361084,121.80152989015116,140.13406451088565,51.73355303847845,107.82370840035395,136.40561511824873,154.13711338631055,139.88873207014652,108.19831268856908,129.71367589924395,155.00417105326227
80,120.0975372343292,125.75042526512979,133.12946022247652,134.03681779446532,180.07003667874864,121.79491588472627,136.88713578559472,127.63319680717561,141.24077336602429,105.29542541416001,106.16963520085358,137.61151234120962,133.3709844092267,74.7303995054912,142.2972792741138,123.8249665114527,115.20721816958931,138.20878963698635,156.8729465820772,114.89500299558978,142.26547851348494,163.17917528060227,96.35563531577492,131.96882905952964
81,135.80300425860767,98.74173506548183,131.913332646053,178.47341398678327,194.543205681223,119.06642164604413,169.94895441276267,87.49018881712526,89.55042058625654,82.63615074051336,143.10393957449023,102.68713089370766,74.83500778472023,141.33397467350852,114.3799213901221,160.13349377808746,151.2877471858222,132.09149584167344,123.3915866627286,142.04846404731646,93.54793084646434,114.95108314225271,112.14401839168934,129.23750948712572
82,65.2452231888934,167.66978741762208,170.60101662185525,115.93940326216304,125.44541326812852,181.420147489654,77.69785340280922,102.30432223335497,144.18025840815955,142.47037588288657,181.74802949530232,109.07767264276126,112.4592810368665,93.37461623225457,146.63891089430976,96.76559090645846,215.1721219022489,184.9703929411056,136.9817639193412,143.1822141466219,148.03706922844236,159.75277916411753,112.6628274120004,175.2072692702454
83,118.10325692745617,186.64012503895327,128.37353695932998,106.32632107678587,167.21875139430747,99.38162170802299,115.40064076299146,97.02798973903445,154.04548483896335,131.15105139349808,126.60465010285678,100.2757974231892,124.3453262394698,142.0267765491848,119.99535178926102,107.01519945772478,115.21030692207474,137.71190741970514,154.06653184220895,120.08825484677158,164.8792274823911,95.4264074548787,109.28992694344763,128.28972849492018
84,68.43551554677778,163.82260181662076,152.63722836878662,138.25813261598378,136.51102622340508,114.63424996481956,161.44951460229802,124.65801089459403,148.7889739466316,137.2915136834819,150.24372266893187,157.75949124625882,130.08501947046682,100.46223218273744,134.68525891279944,128.03732324791278,81.6029774836998,155.82613432871517,147.63662509246558,150.85302255836407,126.66568717012301,109.23406191716853,171.9644889617079,162.90168643243356
85,232.44355864588772,99.37460540493043,164.5980355449585,120.32515123578435,82.86552564164839,164.47843842142797,131.2609411089222,74.8523147342336,131.50760550525888,91.63532481386814,116.49232889267734,110.56449820645732,127.51775662593526,111.37670307698667,108.58467399368831,114.57226745188683,110.99522090650602,110.60787030048263,155.159431100531,118.64913749966601,127.63808085463974,152.63191536041836,136.46400403998874,101.67476919577035
86,139.9234020921262,116.51019699742348,200.20819995931552,142.69094633018642,132.1247289244138,131.42412721701112,132.88618323707593,67.75997180982951,109.56416283667832,140.2763188675235,162.32518847820262,92.31206147762406,128.6891476693351,128.81417129120993,156.06229882212563,91.59830438454131,101.31377521532201,137.37396101799538,144.2937465032931,94.36722320562562,169.34032312785186,132.40744071044938,81.08184908602473,104.39509793113683
87,110.23436922141565,154.1762116724773,107.20970472914414,120.45044389794828,194.80105411141736,129.95153912435,129.0951105916879,140.60235324939794,112.61213970228252,103.8225634573797,151.54094301677813,103.97230078627122,134.72253657089857,151.61603024844052,168.02004169161185,146.73672705519715,87.50093657375825,154.69015459442346,116.28238404480825,131.59903625015974,157.14886183564943,99.05597623031875,154.4420969482922,199.06920541000144
88,81.1045247423499,86.65881232385837,183.04188342490522,143.75367966903173,185.74666302754179,103.64518020234982,128.23791399301587,172.07569123601436,138.40906030766732,111.33838876049086,151.97690609313258,90.53087643576484,115.47971058726914,146.8284760807232,124.10275278013016,131.8730508229678,125.74882819935259,140.87651369281667,159.7395296477964,131.6913992329198,146.30942578468014,88.65534851114381,135.1254033364858,99.28150720108928
89,146.3992172214239,82.37998836300494,119.30345297157403,136.34239042822918,187.80098320716772,127.70520407660149,120.07523887805621,97.32473091014643,96.27078174134923,101.24801067316014,151.97414627920463,93.07129484129096,166.65561355600846,115.65295505743661,122.37691565031169,104.78981996488211,156.6372165974655,129.40379938541545,149.57078115540355,132.84597182141584,163.22547407740518,106.66969324818677,94.1894359147917,92.44864270089047
90,101.23114863216756,125.7838697921921,196.32273128118078,174.5524426127565,201.03994726120848,101.15186224533635,123.29304891425662,237.09307185380013,158.39071892806382,137.53397526558916,123.84534159607757,99.09417894818964,149.43366544159096,95.83109372100633,111.61963672908655,141.84687673007056,82.55796242377275,123.9575158635564,191.10340907649322,129.3876557987762,109.34086152063384,110.36540420666249,140.21070449522585,131.72224978341413
91,47.76028951374198,140.13093664341665,144.31365562125643,134.69646452336045,123.79470751531701,136.06688703714187,157.0591059089441,107.23323802825816,152.42980236657957,118.41351615493197,120.98897960055538,112.69885411120919,115.72688529967144,145.03414478984757,112.53293305722252,127.24083734655441,119.0278272208346,116.55894249984041,160.49530601521204,147.871214877515,106.7294894769972,133.05442785822882,143.25670715412338,168.90808420965453
92,93.1192490484791,113.37330081166527,109.13159949782798,124.98101958120768,109.13763183349158,120.39379221180324,120.40878900204227,146.3291922511727,140.0154077306444,125.06797521855702,159.73715141658192,105.57500120211758,97.58880127310385,129.0062365455996,121.99834489100886,122.06506746255288,81.48506467912215,162.57896473309927,130.95862009464858,150.53676888737513,147.95334126617965,82.02099710245056,129.53518241889563,153.94065757159655
93,90.61388247987357,165.31160301303623,148.8862239173189,137.82873264686793,190.61499012734055,78.65432683690865,110.49357232401502,150.8777079636817,152.38645466312263,175.48413895767658,182.97496770497395,146.20506015846428,78.26804276887106,152.67304285157036,145.18268350116324,102.72094191774225,156.81834751316615,132.02533078823558,177.1389767053796,109.15071367760066,110.26524776575474,95.99302210379585,115.34352929840685,186.6565650424053
94,89.21526274316112,209.68537167089966,152.82459271668733,140.4657820292491,125.55731479727686,124.49187980866537,102.05101480151957,104.43634120676235,156.09416872121614,107.19946965918504,99.31695976316537,120.82224528291246,124.06369180870193,150.2593740526772,108.35983871692628,149.55356090026186,113.95634691096708,138.55691049704058,137.03976259225362,141.44865597370162,133.3010952611263,146.41322961291212,111.85430803343917,147.86072000851323
95,87.12257066212973,95.17825100810174,136.05983190965716,97.39214072219393,124.44934451044229,144.7748743914946,126.79115064101957,139.88982230444117,155.3287824775052,111.69709867861013,140.66425772317754,161.1268154515946,104.98556947737818,150.13710347447844,128.3674976221643,135.7591071351086,63.82172395797069,162.07004985647492,181.5086725537496,131.66525401592025,120.9083329745651,106.96613640515835,125.33006018902914,135.04223826188644
96,148.99363445186424,186.55430415274557,185.1686605287454,155.32878115806704,108.70516657980588,190.41358027793143,110.54884865289813,104.93364455773579,105.241625192412,121.88055330966834,133.8558501423144,127.7522292529624,174.50920281896052,88.60163421474734,139.18366044557376,166.07548696481527,99.5905379705624,158.19660022218764,159.57839934270152,131.13174041190447,98.73960141071626,154.20562331628065,113.91793951086008,94.70553411671096
97,149.57966671615895,187.77407809012908,201.0034896040267,171.10121728156437,125.79167750639893,138.71388114599256,123.39433404968476,144.39072581656447,129.07746512537148,113.25835245226648,133.05140901985885,97.17061439380014,129.41833254504806,109.48580566700686,152.05334209242028,116.46875634392778,124.7991890108033,118.57593394384064,122.4137993739477,136.3502972149122,123.43555725676714,96.5821930147296,126.18716155777166,122.29489907179847
98,79.63218418271063,127.93849632002362,202.79676846692,135.57627165433624,190.51638925614498,90.81403302451555,102.22524719266524,199.1410926718,147.10067089981192,135.28111765620406,152.82839555574486,101.74620348522545,144.2329998031548,144.365421167115,117.73397574347968,114.76429076453223,105.6083465368937,160.0390370677132,191.74571417151552,129.9636127568548,103.35574848894058,99.46700967966515,138.34861712062815,130.60701386422392
99,105.0675520860286,124.20054900711098,124.13956251996781,148.67677506965566,133.3131013105472,133.40398717653596,148.95841924594032,147.74873813567672,143.59219237003128,122.4372847254055,131.39835536289152,107.23684785679107,82.01103977956652,122.85246152476881,107.95929011904424,247.64016997992118,135.24460416222306,88.38122718475746,187.89094825780197,161.76827342225965,127.90582878223213,193.04967153502793,185.80716969715073,152.72923619321898
100,116.30884247226234,110.16682474861688,181.0751500316141,155.5648941084151,105.96114593622123,212.79551973739777,132.6914865981285,180.79358289916516,135.0081360718983,104.89981966099803,166.889215787681,106.84840603033072,166.748097938542,151.14930744188842,121.25332724701816,87.80270778320687,72.58590025885178,156.54283543527163,167.67073375480024,105.05921906130192,132.4972822918984,114.77381928373957,143.50715112210867,119.24786893885266
101,72.60909890435632,166.2439851787552,106.72698062765315,169.35707879264035,149.78090195620774,133.29163654160834,163.7309393410281,101.56796305486054,143.85249810986534,121.81610069875873,143.52377175279446,132.60576728365396,131.52530075556484,121.3918082186201,74.6732277688564,150.44586202533335,99.83720269388282,102.76661983844923,158.86526396728814,96.33612913633011,122.18307718423624,100.25819934296155,121.89332061653263,135.89707317769015
102,126.70207553636514,96.02608432914342,130.58878652690163,145.14308542394798,229.97575119226133,80.19927706291827,99.41163917182463,99.20409915668365,121.21530376541948,121.37932196689083,153.40695667259388,127.29390434831734,160.85012340843133,146.18983753942723,182.16087394532374,103.09245321333073,242.1213906762834,141.1554717872673,182.8367923468666,95.02811875955129,168.75824664128612,116.87582256413204,120.1943513414453,138.1971299582796
103,90.38444507731573,134.4788303487889,101.83823964020928,127.32039445998642,130.9740695126959,158.15405218154646,133.50778373822777,104.18189327519671,137.72410037145485,99.68211289122316,153.1313023043554,93.47636476159633,128.58474886525724,130.32211021885885,134.60901082723848,221.94239852387767,126.31026328237594,114.6942234022307,179.63334451324468,133.97504860492617,145.95451089225645,97.19391366901007,184.26974575019636,218.08359547097007
104,100.67530520475161,74.08281699130893,138.82572210350463,130.83094769648127,73.85386046903342,137.1889963189043,144.01078960679186,121.64086944535755,102.91416669734654,79.96732015513106,126.21383022125553,93.23299966228369,131.74260584098508,105.04833045167189,139.54113249473426,85.68470726238522,105.51238390316135,114.24254071069791,161.60888710079246,139.01107470049374,151.24695664772813,150.72661214002815,161.0030461299994,133.97295225388967
105,150.80572600464774,182.57846244818904,191.1308726566803,152.3168287127711,208.60932182479502,156.91459094323997,109.54638578179838,192.5273369974887,132.38128966390713,115.11328316327157,121.46042796255965,140.43871686501336,121.84213541986128,111.48832440383546,133.51552600797615,135.78305401562238,75.0036394722204,143.23580232232524,151.37733804885985,154.8651211755487,141.86640066360846,110.35144571280622,179.61778730973316,162.3325140201987
106,103.19811069518265,104.55712760938141,126.57320857027236,147.0160254862728,163.83235877994386,127.56094796898884,174.46049105531804,146.0012611008793,102.0936262816561,151.05145897848195,158.39548133639857,88.31849054745283,105.60294535161661,96.72195518502427,131.61510891367638,133.0853936527002,96.32347755536492,137.09072529931345,161.9564284950843,120.66177992339104,109.46176057030226,135.86300389424332,133.10942566252305,126.01122703676333
107,112.7081385840584,85.42526071461256,106.76959089506144,127.68512342102227,214.04601312394573,146.38141887593318,133.13232850351915,89.39584609792023,116.033717940663,123.80035336659074,136.89447709589268,87.53733336978186,120.56770841040569,193.98074838618524,113.05353415028644,106.26503296063774,149.17075371627658,163.26908402803605,164.9940022968597,116.76581940173058,145.7322442185742,107.92602720441859,91.45971062549604,118.92430851564876
108,109.75933315098501,122.33792907079538,199.32484678025438,139.16126856622017,114.74143967882635,123.70760146259231,72.07043125591777,59.36741960310218,99.05359417787302,94.8304490775044,98.78759648956868,118.39966622237213,127.60868758541513,115.94286504009104,110.9873216089004,193.75061082573862,132.57799097141714,145.41631246692043,168.9798815587195,151.5737598567153,76.65647802156205,149.49815926117986,177.32625408947646,146.84025466491215
109,105.0910381965873,99.02921023296311,114.90619821328174,112.75808571858178,118.86282159075651,147.79188953503436,163.18797206692625,106.87959427184366,131.83132436559467,98.46565671399865,122.5676908966727,101.55923815013603,138.75582688857557,91.29879716445352,102.4082703084076,107.24906893051437,93.29785064497149,146.26869085856418,141.11100740109225,168.41505713420503,116.62582399423577,162.0061749779021,115.46777127082399,156.53971757718293
110,123.16440831253354,69.49146257041882,128.3766827937573,97.09645307145304,142.81044448627145,110.50203083497365,150.41951591269805,137.68867214914795,157.8336380098357,105.65774900798735,177.91473945690524,129.17897918706356,151.8185666704996,157.34027640374606,140.79954112364385,122.33371389493561,79.95008858841756,118.89685626376126,129.61005469954512,192.3573732361327,130.14388108546345,98.76718463192837,163.01247065625165,108.34009373091577
111,187.0220890943063,121.92395518907675,77.49666018115805,151.9081270482657,149.05588957245348,108.47201460674219,152.8454795307207,178.76048764888236,170.00442407690673,73.67863520752553,196.89082747146736,77.98260873578712,121.0949005732064,154.82270367161274,122.66769737139215,150.47020539048873,88.7278603540089,112.76105468025767,123.82657246613934,96.67328616217097,141.4582247720625,105.20357067533365,172.02241474077144,165.27480857302686
112,159.75905223151847,88.07342860381053,160.23851406116685,136.35035903296313,191.46654999338426,150.22368306283101,117.35613349288809,96.61598020536559,107.56688666722714,98.73519599910756,167.4676674037396,113.16941835396679,129.77482555381673,98.28719356229524,128.20514888509825,77.82625485895693,78.56797130307262,153.69849990485238,145.03085251474806,137.8486106319108,126.84794930981617,100.39414822763051,143.61803179995914,141.37594984404853
113,63.65350215268805,96.845654198492,185.78493540447255,177.42410979543718,166.28452208010344,114.60777394369138,129.56475177105528,60.61201610777073,155.52209464897328,125.29597645451523,134.8493815952615,116.22756190581829,149.0540675418381,120.80428696016267,107.09992046774583,224.78682746810608,87.45415511136737,119.132193349154,191.13036202309627,146.56955066999038,84.73982223280129,139.26102673064227,105.19018661726305,153.67849595237905
114,119.88008049778168,177.6860066043277,192.41456301395016,101.66903965341538,165.91856150399482,119.06146066560451,167.5814845909331,104.83568223587795,101.09351010170798,137.99896885727102,152.22657708298834,133.64458030402508,101.27604234988036,126.24480547822023,104.94062296107751,108.88139689002274,126.80078654260318,176.27592087496953,136.53304417738994,147.65170584209866,131.77579851137673,104.06182137253599,100.64585911028936,140.5696122334062
115,92.88823558790756,82.68032638780514,157.87713820449198,103.87752705356215,64.68120950499235,114.84297647062628,115.2519842080005,127.0212737251899,150.2791811350934,121.47926473821678,118.82386263089548,88.6986262057402,121.92659800854555,150.29444350583105,126.81674441475067,84.85864041983353,80.64451241441364,142.39909932584027,136.5002292958417,124.50502936516678,125.6801459377874,102.09165896506241,117.23537985649563,115.9805519137826
116,72.16283612104336,99.15903100051663,161.85642175337583,145.45045396873076,121.54855687130888,159.15819148235965,123.47588435398183,186.8069630632601,168.06357894882285,116.89182763356901,191.11397593934905,91.03111978822606,173.84402763838037,206.1068990993262,107.92063613336495,207.47572338649297,105.80639418584649,130.88278448036917,164.37384266786563,118.09938026241319,172.7312914080222,122.37220400101761,163.06484234609607,116.15757963476841
117,96.92512674767927,104.17315410274196,160.3553555106029,148.82115535977317,105.84516377190873,153.761845074569,117.72659174975536,91.31036009717803,103.16955886816115,96.41214369218241,123.71804401822935,88.19321908336278,119.72605492218737,128.7028714760767,63.01800612028718,144.70784632816188,120.00854655884609,135.99128795470955,143.5509059827303,139.11721927875783,153.7465271187933,135.99793939485502,96.91141758728078,104.56584850809539
118,141.85821163192628,102.88905253198644,168.8280224379183,131.87322634320873,120.47990951709232,139.77391462704873,161.47918966394448,71.78161140038863,127.60814426389393,107.17289481744787,174.40732761054642,124.67765743262242,97.14746459116863,104.70099574920036,104.64480709998509,148.45531971505105,173.0201910107856,115.17980177172718,134.80836109234565,159.51765453217956,107.34550386752178,119.95847746577557,144.90506232931938,173.55894369919736
119,108.33322916554033,129.68330915668255,190.98524196784336,137.1337580817021,121.4964225445818,116.809303858976,143.37332793810137,136.0244643492142,124.02983911179321,118.29428592526524,145.5605764987195,143.45933041207834,120.91832986636294,132.69859943774438,132.66187210422356,99.68787284565275,103.69422402104462,144.33469245844313,191.1875649128287,94.98444144145131,136.51319922486107,116.26587499910977,182.26695892247628,118.30030297825533
120,93.58254428718853,139.20794614109914,185.77137736853086,111.6154562925485,98.61721327799928,148.98874589331712,143.01839962880695,167.60415726972377,132.80780931523992,89.92564487222559,129.7997329277769,107.77522044162978,154.97317979809588,117.0178869070981,103.78173535255513,256.54222110798355,124.90062866774569,88.09813488331838,173.50269773429966,125.29446641168144,126.67592297188313,106.5418858992744,120.27120829635585,140.06824938060248
121,89.50493355180528,188.00471357235534,118.9884928846192,135.98169141571762,152.64719284340353,106.80776196589207,152.44629816958638,83.5358592082124,163.8197407285277,110.70530230999904,140.74845156750797,124.70530548140304,126.2944591119913,133.63556990200456,119.21599735083043,96.94435999010967,100.89031478311217,151.48130184401583,147.2394174475507,121.93700220610855,140.61337373893195,109.76485759358312,80.87812334256475,152.33528554148745
122,195.69753754704195,210.03934730323255,107.70031934525394,130.4405615294735,118.36144023864065,112.05153710353832,182.0244995331818,104.97188936254342,129.46005123166935,126.94644246624287,186.17714757901118,171.1452435752919,86.96773472242444,147.03900270487537,124.73858336012812,121.77389544458026,94.48808974742819,106.41151791089639,132.06932491696452,95.44979472843728,139.1135176739085,150.60789031707236,142.93174204469548,156.28008267198237
123,85.77935832090407,109.1642612275366,125.75181510449323,129.20189298918834,110.99842931724811,136.48884744974765,162.09018739984106,127.29306907669529,119.05570831903486,102.44146245308004,108.38046714959168,87.57937820837476,104.61404502573964,125.1261127756331,118.81577749966617,131.72819306010746,137.91283705325012,151.2149567633301,130.7659751541363,129.09711208111509,126.44836458420029,107.89346955764145,130.23753938255902,150.79830084830152
124,137.2052614522924,134.05265330705043,166.5646061512238,139.1490985973213,95.56016185449816,121.67736703060817,122.83824446932266,123.49381993072093,94.99506848745173,91.72732736282043,148.27665686818054,146.26644209381237,110.83845910024776,101.01209557970796,129.5919945025053,187.9022816367131,155.37384700784634,122.73257801481958,129.74136794479293,112.55588793019145,115.35187555143531,126.23237702358934,163.27361103685698,115.09372111874316
125,135.566031262239,126.73393683371232,71.35781898268392,110.22018946836033,226.21229267561205,85.77167285559332,156.5364208269975,109.49025218207554,110.5978892190072,107.3415077538476,150.76795701002325,125.21680512109195,148.7391017609664,143.92629328174445,125.50554325460682,111.37604472842156,95.89973966829172,124.7007022438854,142.16759853823513,149.11527601752013,101.22841181893033,70.74087822919222,111.94293763725098,203.88961971898445
126,191.88685625413913,110.35380588859317,84.11266682981788,145.923428337139,152.6186503755407,120.01819075970275,159.880633584229,39.79127267480453,126.87993723714193,146.79701779302223,172.17889655827085,109.91274330965099,128.20038081405374,198.0591157215764,188.17028099634356,134.07577258282183,139.07706566357308,143.49706784766596,159.73919838029133,83.56643823146729,165.24102954485988,111.11383167754504,142.0806709575728,120.24337243593685
127,121.29394031643524,72.5080082902399,111.20604964091758,145.91870775360715,147.16318548753992,139.45857490317496,130.88793586528016,99.43317438073474,114.11765285946582,90.68259406416438,90.00200863682937,85.08196811585566,139.18734831481092,121.27231880316313,106.18374319901089,127.60556727746516,139.11607611039716,103.11113982399206,153.4860019537523,193.75954835777952,150.84724196555302,131.14874439613448,162.89534502909603,162.21043315137237
128,168.9148077080047,100.05571290290982,121.8400994956391,153.0381720038501,215.37744611979042,165.48410503168304,163.88551393943166,99.57943195794614,136.6488940272807,122.16587325648474,117.38173536678393,91.00359166373391,132.73380908607743,119.76547099165424,115.30741721977128,119.89752785776781,117.09914888999356,86.77459129713654,155.34377399724718,161.19734343684758,134.4000820489094,106.44165267306974,122.32612959476606,143.99286845308097
129,129.98158365707022,98.91749204910047,146.31726770747716,131.58386133315668,152.78052196935437,143.8279789290724,133.0517417077969,102.79182646961479,108.0118701608927,101.81992369275102,76.17076282912073,99.23115569506102,123.50104435632488,102.25119568276219,140.69883302112802,69.96763819176788,146.56049511082006,139.1178462513125,160.5812087527396,135.6072586643704,152.80386086113282,83.64464863680053,129.7220086966274,118.70499645996617
130,154.5003083926902,147.93336860206236,122.44920866810804,144.97974105159523,199.76806390634584,122.51628159094935,158.2324656376783,92.2312447846774,146.92630139669697,133.33809163615754,152.70899418068984,118.640364667347,156.92629824247922,136.99833598373235,108.32079128175451,137.42422308502097,98.37473839080587,129.46464175413203,139.45251365263266,103.8338350102122,141.1212790633441,79.68206278661677,109.87031158922639,120.32659543261994
131,103.80320272605428,131.16445638309838,91.74013010469854,170.1532589659788,136.32308073927538,111.73895771055744,164.74016137348417,87.66885062028054,110.10437920062851,122.15582820163579,141.9341980168161,109.2251168744307,174.28019008679115,131.1026614383607,90.89781762045189,147.24798503904265,126.08822055442965,92.36690741127731,141.0543934860388,131.63583704930568,110.46704618530322,141.68393177291634,129.8448209134372,157.26257809740082
132,74.89431187037417,113.90766100659076,126.97054161061229,137.40759824510366,91.80221372193151,132.5930303615183,145.37902617462763,112.92412284348805,143.30296864841773,112.09790800126164,174.0846508557124,123.69047975408397,112.26875958239846,200.50332960587662,128.98745960818027,94.53918880547108,115.9154997999039,144.0427408151226,160.70925639413264,123.77662016870059,168.03938990192714,107.83322154817245,120.04192229304338,172.7583159600929
133,127.59942895873192,121.42379384594574,103.35661509821449,93.37361655618612,138.50480478415776,134.49822592743843,151.80787181737702,110.91532306317015,106.27544121170364,101.13603499405242,122.88186844907533,122.82701965086436,90.70020757969036,105.79975369670362,130.45700709723982,120.20401234116069,154.11497210731102,109.13774385527614,165.08296702051507,192.33775196973335,163.8105079275569,106.58785278541112,120.82041757663762,102.45112141563855
134,83.23932203368996,118.60312833721622,90.4053744644546,116.97375316135805,101.26156601204104,124.52958000156576,115.39300072901578,122.40610724890111,141.19618172104344,115.48549400917528,138.1261326419076,116.03658319140371,141.18593650824647,109.85756739820035,125.55042089133934,144.5762353018309,92.86505413222716,126.89467905261327,117.7087551458139,140.85434539573873,120.05679507873843,116.82024264460615,132.2885243480969,151.13124486411232
135,74.5284968924014,169.25464030897535,176.4350799719868,140.46262685212716,120.94583213064243,104.68424505646284,138.30268433625406,73.79141674411827,106.7730525784597,145.17099064454814,128.19077813818043,116.5930707686551,152.62040558670574,99.07930735521019,103.9272048378752,87.66645768993453,110.99412946154686,159.58732407151788,175.2606885353847,102.55156578711481,191.91109885657875,124.2493258097801,87.56296106514033,183.8200122718483
136,86.96843183261966,108.55813110551968,129.8555632350661,130.70030542447347,188.0635107541904,155.6049560997789,160.11503602470214,131.27276471000854,139.0971209510607,123.77047275204352,138.19148168428248,90.88733853870414,158.86969730702552,119.54459900898173,120.30654156036277,100.47787430311416,147.36689968051076,133.19800306131788,161.9066771526683,141.18591527442345,129.77015524752775,170.31462160645944,186.46685117287086,137.5644113137236
137,149.26114769435503,162.7424987052051,89.48013586454145,168.50054970666608,149.09402556230455,86.94218192939337,125.04100391349544,111.7788265091983,130.12698819305976,98.30410108599976,135.25723396469763,151.15441359960778,117.14855021173076,186.08630644183813,151.7099147984493,84.19112894318859,112.46615442242617,171.11021216021032,140.48392997864985,133.15024225327755,139.00541934338838,108.76892312183274,127.33961098910106,207.94506243740742
138,119.6767822647721,128.85749116684005,96.74610293218609,87.62920821338402,153.14689924142408,131.43575982942826,132.8702915589401,136.82622636180977,137.26357401138054,130.93967795563657,186.9616402708343,125.31223137080268,109.5323517714644,94.27115793445675,126.3971715306391,178.8231252849071,98.10742596661538,82.23759700171249,148.99297601678578,169.2218875013268,92.95467636324122,118.65963319799793,120.90744035794161,159.49141931265126
139,122.63256285594366,107.08844972084961,151.12310845574893,159.97652198895116,143.99862769396285,133.10587741948805,160.06128610795142,73.34305316251105,130.67391909725043,103.53338952943332,162.54348299630374,88.90603995798834,167.46531017702833,114.53606199883305,101.53201688327985,133.98273927568926,146.62983871775236,148.42373136522446,150.5619633744533,119.21059338587955,95.59457159392002,89.36497656510136,133.1967462887093,120.35115134697304
140,89.54349714057125,132.56710031859103,112.14384608825718,168.2610003687756,115.03303092659182,138.66711555292912,96.98680855330346,128.66514490775745,87.9175424516304,81.93881679786875,154.99143157929925,124.12184032069537,91.31708144150952,138.42693390144868,102.81184879009507,108.25835889366303,84.74378491137414,184.90588151532341,156.96802035602855,123.54711125969064,147.37673139463487,83.72642370779693,114.65479960504715,141.1665258599516
141,211.71449704482453,112.99338658406738,117.4711349488106,95.94020810438992,135.96970103080176,101.77997838454529,144.59405856297272,65.73391654268374,161.72507857236005,151.54257337220002,91.01659899137582,110.74323845325634,117.20092957702603,142.79376198274983,108.34543279037378,126.31847899050074,81.5791825136306,126.88610276283781,181.09999549953906,113.45794158009426,141.69928526816412,121.58942593526643,110.75301883166757,147.6553530548095
